,Type_id,Strain_id
0,0,0
1,0,1
2,0,3
3,0,4
4,0,6
5,0,10
6,0,11
7,0,13
8,0,20
9,0,21
10,0,22
11,0,23
12,0,24
13,0,25
14,0,31
15,0,33
16,0,36
17,0,38
18,0,42
19,0,46
20,0,52
21,0,55
22,0,56
23,0,57
24,0,58
25,0,60
26,0,62
27,0,65
28,0,66
29,0,67
30,0,69
31,0,70
32,0,71
33,0,75
34,0,76
35,0,78
36,0,79
37,0,81
38,0,82
39,0,90
40,0,91
41,0,92
42,0,96
43,0,97
44,0,99
45,0,100
46,0,103
47,0,104
48,0,112
49,0,115
50,0,116
51,0,117
52,0,118
53,0,120
54,0,121
55,0,124
56,0,125
57,0,126
58,0,130
59,0,131
60,0,132
61,0,134
62,0,137
63,0,138
64,0,139
65,0,140
66,0,144
67,0,145
68,0,146
69,0,148
70,0,150
71,0,151
72,0,153
73,0,154
74,0,155
75,0,157
76,0,158
77,0,159
78,0,160
79,0,162
80,0,164
81,0,165
82,0,166
83,0,167
84,0,168
85,0,169
86,0,170
87,0,172
88,0,174
89,0,178
90,0,180
91,0,181
92,0,185
93,0,187
94,0,188
95,0,189
96,0,191
97,0,193
98,0,195
99,0,196
100,0,197
101,0,198
102,0,201
103,0,202
104,0,203
105,0,205
106,0,206
107,0,207
108,0,211
109,0,212
110,0,213
111,0,216
112,0,219
113,0,221
114,0,223
115,0,224
116,0,225
117,0,229
118,0,231
119,0,235
120,0,240
121,0,241
122,0,242
123,0,243
124,0,245
125,0,248
126,0,249
127,0,254
128,0,256
129,0,260
130,0,261
131,0,262
132,0,263
133,0,266
134,0,267
135,0,274
136,0,276
137,0,278
138,0,279
139,0,280
140,0,282
141,0,284
142,0,285
143,0,287
144,0,288
145,0,290
146,0,291
147,0,292
148,0,293
149,0,294
150,0,295
151,0,296
152,0,297
153,0,300
154,0,303
155,0,305
156,0,309
157,0,310
158,0,311
159,0,313
160,0,315
161,0,317
162,0,319
163,0,320
164,0,321
165,0,322
166,0,323
167,0,324
168,0,325
169,0,326
170,0,327
171,0,331
172,0,333
173,0,334
174,0,335
175,0,337
176,0,338
177,0,339
178,0,340
179,0,342
180,0,343
181,0,344
182,0,345
183,0,346
184,0,347
185,0,350
186,0,353
187,0,354
188,0,355
189,0,356
190,0,357
191,0,358
192,0,360
193,0,361
194,0,362
195,0,363
196,0,364
197,0,365
198,0,366
199,0,367
200,0,368
201,0,369
202,0,372
203,0,376
204,0,378
205,0,379
206,0,381
207,0,382
208,0,383
209,0,386
210,0,390
211,0,391
212,0,395
213,0,396
214,0,398
215,0,399
216,0,403
217,0,406
218,0,408
219,0,409
220,0,413
221,0,414
222,0,415
223,0,416
224,0,419
225,0,426
226,0,427
227,0,429
228,0,431
229,0,432
230,0,433
231,0,436
232,0,437
233,0,438
234,0,444
235,0,446
236,0,448
237,0,449
238,0,451
239,0,452
240,0,453
241,0,454
242,0,455
243,0,457
244,0,460
245,0,464
246,0,467
247,0,469
248,0,472
249,0,473
250,0,474
251,0,476
252,0,477
253,0,478
254,0,479
255,0,480
256,0,481
257,0,483
258,0,484
259,0,486
260,0,488
261,0,489
262,0,490
263,0,491
264,0,492
265,0,493
266,0,494
267,0,495
268,0,497
269,0,498
270,0,500
271,0,501
272,0,502
273,0,503
274,0,504
275,0,505
276,0,506
277,0,507
278,0,509
279,0,510
280,0,511
281,0,512
282,0,513
283,0,514
284,0,515
285,0,516
286,0,517
287,0,518
288,0,519
289,0,520
290,0,522
291,0,523
292,0,524
293,0,527
294,0,529
295,0,533
296,0,534
297,0,537
298,0,539
299,0,540
300,0,541
301,0,543
302,0,544
303,0,545
304,0,547
305,0,548
306,0,549
307,0,552
308,0,553
309,0,555
310,0,556
311,0,558
312,0,559
313,0,560
314,0,561
315,0,563
316,0,564
317,0,565
318,0,569
319,0,572
320,0,574
321,0,576
322,0,578
323,0,579
324,0,580
325,0,582
326,0,584
327,0,585
328,0,590
329,0,591
330,0,592
331,0,594
332,0,595
333,0,597
334,0,598
335,0,599
336,0,600
337,0,601
338,0,603
339,0,607
340,0,610
341,0,611
342,0,612
343,0,613
344,0,618
345,0,619
346,0,621
347,0,626
348,0,627
349,0,630
350,0,632
351,0,634
352,0,636
353,0,641
354,0,642
355,0,643
356,0,644
357,0,649
358,0,655
359,0,661
360,0,662
361,0,663
362,0,664
363,0,666
364,0,669
365,0,670
366,0,671
367,0,673
368,0,676
369,0,677
370,0,680
371,0,681
372,0,682
373,0,683
374,0,685
375,0,687
376,0,689
377,0,690
378,0,694
379,0,697
380,0,698
381,0,701
382,0,702
383,0,703
384,0,704
385,0,705
386,0,708
387,0,709
388,0,710
389,0,711
390,0,712
391,0,714
392,0,715
393,0,716
394,0,720
395,0,725
396,0,726
397,0,727
398,0,728
399,0,729
400,0,732
401,0,734
402,0,735
403,0,736
404,0,737
405,0,741
406,0,742
407,0,743
408,0,744
409,0,745
410,0,749
411,0,750
412,0,751
413,0,752
414,0,754
415,0,758
416,0,760
417,0,763
418,0,773
419,0,774
420,0,776
421,0,777
422,0,783
423,0,784
424,0,785
425,0,786
426,0,790
427,0,791
428,0,793
429,0,795
430,0,797
431,0,800
432,0,802
433,0,804
434,0,805
435,0,806
436,0,808
437,0,813
438,0,814
439,0,816
440,0,818
441,0,819
442,0,821
443,0,823
444,0,824
445,0,828
446,0,830
447,0,832
448,0,834
449,0,835
450,0,836
451,0,837
452,0,838
453,0,839
454,0,840
455,0,841
456,0,842
457,0,843
458,0,844
459,0,847
460,0,849
461,0,852
462,0,853
463,0,854
464,0,855
465,0,856
466,0,857
467,0,858
468,0,863
469,0,864
470,0,865
471,0,866
472,0,867
473,0,868
474,0,873
475,0,878
476,0,879
477,0,883
478,0,884
479,0,888
480,0,889
481,0,890
482,0,891
483,0,892
484,0,893
485,0,894
486,0,897
487,0,902
488,0,904
489,0,910
490,0,912
491,0,917
492,0,919
493,0,920
494,0,922
495,0,925
496,0,928
497,0,929
498,0,932
499,0,934
500,0,936
501,0,938
502,0,940
503,0,943
504,0,945
505,0,947
506,0,949
507,0,952
508,0,955
509,0,958
510,0,959
511,0,960
512,0,961
513,0,966
514,0,967
515,0,968
516,0,969
517,0,972
518,0,973
519,0,974
520,0,975
521,0,976
522,0,979
523,0,982
524,0,984
525,0,986
526,0,988
527,0,992
528,0,993
529,0,999
530,0,1003
531,0,1009
532,0,1011
533,0,1012
534,0,1013
535,0,1018
536,0,1021
537,0,1022
538,0,1023
539,0,1024
540,0,1025
541,0,1026
542,0,1028
543,0,1029
544,0,1030
545,0,1031
546,0,1033
547,0,1035
548,0,1037
549,0,1039
550,0,1043
551,0,1044
552,0,1045
553,0,1048
554,0,1049
555,0,1050
556,0,1052
557,0,1054
558,0,1055
559,0,1057
560,0,1058
561,0,1060
562,0,1063
563,0,1065
564,0,1066
565,0,1067
566,0,1069
567,0,1070
568,0,1071
569,0,1072
570,0,1073
571,0,1074
572,0,1081
573,0,1083
574,0,1084
575,0,1086
576,0,1090
577,0,1092
578,0,1094
579,0,1097
580,0,1098
581,0,1099
582,0,1101
583,0,1104
584,0,1108
585,0,1110
586,0,1111
587,0,1113
588,0,1119
589,0,1120
590,0,1121
591,0,1123
592,0,1124
593,0,1128
594,0,1131
595,0,1133
596,0,1134
597,0,1135
598,0,1136
599,0,1140
600,0,1143
601,0,1144
602,0,1145
603,0,1146
604,0,1147
605,0,1150
606,0,1151
607,0,1152
608,0,1154
609,0,1157
610,0,1158
611,0,1159
612,0,1160
613,0,1163
614,0,1166
615,0,1167
616,0,1168
617,0,1173
618,0,1175
619,0,1176
620,0,1177
621,0,1179
622,0,1181
623,0,1182
624,0,1183
625,0,1185
626,0,1186
627,0,1187
628,0,1191
629,0,1195
630,0,1198
631,0,1199
632,0,1203
633,0,1205
634,0,1206
635,0,1207
636,0,1208
637,0,1209
638,0,1211
639,0,1212
640,0,1214
641,0,1215
642,0,1217
643,0,1219
644,0,1220
645,0,1221
646,0,1224
647,0,1225
648,0,1226
649,0,1227
650,0,1229
651,0,1230
652,0,1231
653,0,1233
654,0,1234
655,0,1235
656,0,1236
657,0,1240
658,0,1243
659,0,1244
660,0,1245
661,0,1248
662,0,1252
663,0,1253
664,0,1254
665,0,1258
666,0,1259
667,0,1260
668,0,1261
669,0,1266
670,0,1267
671,0,1268
672,0,1269
673,0,1271
674,0,1272
675,0,1275
676,0,1277
677,0,1278
678,0,1279
679,0,1280
680,0,1281
681,0,1284
682,0,1285
683,0,1286
684,0,1288
685,0,1296
686,0,1297
687,0,1298
688,0,1300
689,0,1301
690,0,1302
691,0,1303
692,0,1304
693,0,1305
694,0,1306
695,0,1309
696,0,1310
697,0,1311
698,0,1312
699,0,1314
700,0,1315
701,0,1316
702,0,1318
703,0,1319
704,0,1321
705,0,1325
706,0,1329
707,0,1330
708,0,1332
709,0,1333
710,0,1337
711,0,1338
712,0,1341
713,0,1343
714,0,1344
715,0,1346
716,0,1348
717,0,1349
718,0,1350
719,0,1351
720,0,1352
721,0,1354
722,0,1355
723,0,1361
724,0,1362
725,0,1366
726,0,1368
727,0,1369
728,0,1371
729,0,1372
730,0,1373
731,0,1377
732,0,1379
733,0,1380
734,0,1381
735,0,1382
736,0,1383
737,0,1386
738,0,1390
739,0,1391
740,0,1396
741,0,1398
742,0,1400
743,0,1402
744,0,1403
745,0,1404
746,0,1406
747,0,1407
748,0,1409
749,0,1413
750,0,1416
751,0,1417
752,0,1418
753,0,1421
754,0,1423
755,0,1424
756,0,1430
757,0,1432
758,0,1433
759,0,1435
760,0,1436
761,0,1438
762,0,1439
763,0,1443
764,0,1444
765,0,1445
766,0,1448
767,0,1449
768,0,1452
769,0,1464
770,0,1466
771,0,1472
772,0,1476
773,0,1478
774,0,1480
775,0,1485
776,0,1487
777,0,1489
778,0,1490
779,0,1491
780,0,1493
781,0,1494
782,0,1497
783,0,1498
784,0,1499
785,0,1500
786,0,1501
787,0,1502
788,0,1503
789,0,1504
790,0,1506
791,0,1508
792,0,1509
793,0,1511
794,0,1513
795,0,1514
796,0,1516
797,0,1517
798,0,1518
799,0,1520
800,0,1521
801,0,1523
802,0,1524
803,0,1525
804,0,1526
805,0,1527
806,0,1528
807,0,1529
808,0,1531
809,0,1532
810,0,1533
811,0,1535
812,0,1537
813,0,1538
814,0,1539
815,0,1542
816,0,1544
817,0,1545
818,0,1547
819,0,1552
820,0,1561
821,0,1567
822,0,1568
823,0,1569
824,0,1570
825,0,1572
826,0,1573
827,0,1577
828,0,1580
829,0,1584
830,0,1585
831,0,1586
832,0,1588
833,0,1589
834,0,1590
835,0,1591
836,0,1592
837,0,1593
838,0,1594
839,0,1598
840,0,1601
841,0,1604
842,0,1607
843,0,1608
844,0,1612
845,0,1614
846,0,1615
847,0,1616
848,0,1617
849,0,1618
850,0,1619
851,0,1620
852,0,1626
853,0,1627
854,0,1628
855,0,1632
856,0,1633
857,0,1639
858,0,1645
859,0,1648
860,0,1649
861,0,1650
862,0,1652
863,0,1655
864,0,1661
865,0,1662
866,0,1664
867,0,1665
868,0,1666
869,0,1667
870,0,1676
871,0,1680
872,0,1682
873,0,1683
874,0,1685
875,0,1687
876,0,1688
877,0,1690
878,0,1691
879,0,1693
880,0,1695
881,0,1696
882,0,1701
883,0,1706
884,0,1708
885,0,1713
886,0,1715
887,0,1716
888,0,1717
889,0,1718
890,0,1719
891,0,1723
892,0,1725
893,0,1727
894,0,1729
895,0,1730
896,0,1733
897,0,1734
898,0,1736
899,0,1737
900,0,1739
901,0,1742
902,0,1743
903,0,1745
904,0,1747
905,0,1750
906,0,1753
907,0,1755
908,0,1760
909,0,1762
910,0,1763
911,0,1768
912,0,1769
913,0,1770
914,0,1771
915,0,1772
916,0,1775
917,0,1776
918,0,1777
919,0,1778
920,0,1779
921,0,1782
922,0,1784
923,0,1785
924,0,1792
925,0,1794
926,0,1796
927,0,1797
928,0,1799
929,0,1800
930,0,1803
931,0,1804
932,0,1806
933,0,1807
934,0,1808
935,0,1809
936,0,1810
937,0,1811
938,0,1813
939,0,1814
940,0,1815
941,0,1816
942,0,1822
943,0,1823
944,0,1824
945,0,1826
946,0,1827
947,0,1828
948,0,1829
949,0,1831
950,0,1832
951,0,1833
952,0,1834
953,0,1837
954,0,1839
955,0,1844
956,0,1847
957,0,1849
958,0,1851
959,0,1852
960,0,1856
961,0,1858
962,0,1859
963,0,1860
964,0,1861
965,0,1862
966,0,1863
967,0,1864
968,0,1867
969,0,1868
970,0,1869
971,0,1872
972,0,1875
973,0,1876
974,0,1879
975,0,1880
976,0,1883
977,0,1884
978,0,1885
979,0,1886
980,0,1890
981,0,1891
982,0,1895
983,0,1896
984,0,1897
985,0,1899
986,0,1900
987,0,1901
988,0,1903
989,0,1907
990,0,1908
991,0,1909
992,0,1914
993,0,1915
994,0,1916
995,0,1918
996,0,1921
997,0,1922
998,0,1926
999,0,1927
1000,0,1928
1001,0,1930
1002,0,1931
1003,0,1932
1004,0,1934
1005,0,1935
1006,0,1937
1007,0,1939
1008,0,1941
1009,0,1943
1010,0,1944
1011,0,1945
1012,0,1947
1013,0,1948
1014,0,1951
1015,0,1954
1016,0,1955
1017,0,1957
1018,0,1958
1019,0,1968
1020,0,1969
1021,0,1970
1022,0,1975
1023,0,1976
1024,0,1978
1025,0,1982
1026,0,1983
1027,0,1987
1028,0,1989
1029,0,1992
1030,0,1993
1031,0,1996
1032,0,1999
1033,0,2001
1034,0,2002
1035,0,2006
1036,0,2007
1037,0,2012
1038,0,2015
1039,0,2016
1040,0,2020
1041,0,2021
1042,0,2024
1043,0,2026
1044,0,2027
1045,0,2028
1046,0,2034
1047,0,2035
1048,0,2036
1049,0,2038
1050,0,2042
1051,0,2051
1052,0,2053
1053,0,2057
1054,0,2058
1055,0,2059
1056,0,2060
1057,0,2062
1058,0,2064
1059,0,2066
1060,0,2067
1061,0,2068
1062,0,2071
1063,0,2076
1064,0,2077
1065,0,2078
1066,0,2079
1067,0,2081
1068,0,2083
1069,0,2084
1070,0,2085
1071,0,2088
1072,0,2093
1073,0,2094
1074,0,2095
1075,0,2096
1076,0,2097
1077,0,2098
1078,0,2099
1079,0,2102
1080,0,2103
1081,0,2104
1082,0,2105
1083,0,2106
1084,0,2107
1085,0,2110
1086,0,2114
1087,0,2116
1088,0,2117
1089,0,2119
1090,0,2121
1091,0,2123
1092,0,2126
1093,0,2128
1094,0,2130
1095,0,2131
1096,0,2133
1097,0,2135
1098,0,2138
1099,0,2140
1100,0,2141
1101,0,2145
1102,0,2147
1103,0,2148
1104,0,2150
1105,0,2151
1106,0,2152
1107,0,2153
1108,0,2154
1109,0,2155
1110,0,2156
1111,0,2157
1112,0,2158
1113,0,2159
1114,0,2164
1115,0,2165
1116,0,2168
1117,0,2170
1118,0,2172
1119,0,2173
1120,0,2176
1121,0,2177
1122,0,2179
1123,0,2181
1124,0,2182
1125,0,2183
1126,0,2184
1127,0,2185
1128,0,2186
1129,0,2188
1130,0,2189
1131,0,2194
1132,0,2195
1133,0,2196
1134,0,2200
1135,0,2202
1136,0,2203
1137,0,2205
1138,0,2210
1139,0,2214
1140,0,2217
1141,0,2218
1142,0,2219
1143,0,2221
1144,0,2222
1145,0,2223
1146,0,2225
1147,0,2227
1148,0,2229
1149,0,2230
1150,0,2231
1151,0,2232
1152,0,2234
1153,0,2236
1154,0,2237
1155,0,2243
1156,0,2245
1157,0,2246
1158,0,2247
1159,0,2248
1160,0,2249
1161,0,2250
1162,0,2251
1163,0,2255
1164,0,2256
1165,0,2262
1166,0,2268
1167,0,2269
1168,0,2270
1169,0,2271
1170,0,2272
1171,0,2274
1172,0,2276
1173,0,2279
1174,0,2280
1175,0,2281
1176,0,2282
1177,0,2283
1178,0,2285
1179,0,2289
1180,0,2290
1181,0,2291
1182,0,2294
1183,0,2296
1184,0,2297
1185,0,2298
1186,0,2299
1187,0,2300
1188,0,2301
1189,0,2302
1190,0,2303
1191,0,2304
1192,0,2307
1193,0,2308
1194,0,2309
1195,0,2310
1196,0,2311
1197,0,2312
1198,0,2318
1199,0,2320
1200,0,2322
1201,0,2324
1202,0,2325
1203,0,2326
1204,0,2327
1205,0,2328
1206,0,2330
1207,0,2331
1208,0,2339
1209,0,2341
1210,0,2344
1211,0,2346
1212,1,5
1213,1,7
1214,1,9
1215,1,12
1216,1,14
1217,1,15
1218,1,16
1219,1,17
1220,1,18
1221,1,19
1222,1,26
1223,1,28
1224,1,29
1225,1,34
1226,1,37
1227,1,39
1228,1,40
1229,1,41
1230,1,43
1231,1,44
1232,1,45
1233,1,47
1234,1,48
1235,1,49
1236,1,50
1237,1,51
1238,1,59
1239,1,72
1240,1,73
1241,1,77
1242,1,80
1243,1,84
1244,1,85
1245,1,86
1246,1,88
1247,1,98
1248,1,101
1249,1,102
1250,1,108
1251,1,109
1252,1,110
1253,1,111
1254,1,113
1255,1,114
1256,1,122
1257,1,127
1258,1,136
1259,1,142
1260,1,143
1261,1,147
1262,1,149
1263,1,152
1264,1,156
1265,1,161
1266,1,163
1267,1,173
1268,1,175
1269,1,179
1270,1,182
1271,1,184
1272,1,190
1273,1,192
1274,1,199
1275,1,200
1276,1,204
1277,1,209
1278,1,210
1279,1,214
1280,1,217
1281,1,218
1282,1,220
1283,1,222
1284,1,226
1285,1,228
1286,1,230
1287,1,232
1288,1,233
1289,1,234
1290,1,236
1291,1,237
1292,1,238
1293,1,239
1294,1,244
1295,1,246
1296,1,250
1297,1,252
1298,1,255
1299,1,257
1300,1,258
1301,1,264
1302,1,265
1303,1,269
1304,1,270
1305,1,271
1306,1,273
1307,1,275
1308,1,277
1309,1,281
1310,1,286
1311,1,289
1312,1,298
1313,1,299
1314,1,301
1315,1,304
1316,1,306
1317,1,308
1318,1,312
1319,1,314
1320,1,318
1321,1,328
1322,1,329
1323,1,330
1324,1,341
1325,1,348
1326,1,349
1327,1,351
1328,1,352
1329,1,370
1330,1,373
1331,1,374
1332,1,377
1333,1,380
1334,1,384
1335,1,385
1336,1,387
1337,1,388
1338,1,389
1339,1,392
1340,1,393
1341,1,394
1342,1,397
1343,1,400
1344,1,402
1345,1,404
1346,1,407
1347,1,410
1348,1,411
1349,1,417
1350,1,418
1351,1,422
1352,1,424
1353,1,425
1354,1,428
1355,1,430
1356,1,434
1357,1,435
1358,1,441
1359,1,445
1360,1,450
1361,1,456
1362,1,458
1363,1,462
1364,1,465
1365,1,482
1366,1,485
1367,1,496
1368,1,499
1369,1,508
1370,1,521
1371,1,525
1372,1,530
1373,1,531
1374,1,532
1375,1,542
1376,1,546
1377,1,562
1378,1,568
1379,1,570
1380,1,571
1381,1,573
1382,1,577
1383,1,581
1384,1,583
1385,1,586
1386,1,587
1387,1,588
1388,1,596
1389,1,602
1390,1,605
1391,1,606
1392,1,608
1393,1,609
1394,1,614
1395,1,615
1396,1,616
1397,1,617
1398,1,622
1399,1,623
1400,1,625
1401,1,628
1402,1,633
1403,1,635
1404,1,637
1405,1,638
1406,1,639
1407,1,640
1408,1,645
1409,1,646
1410,1,647
1411,1,648
1412,1,650
1413,1,651
1414,1,652
1415,1,654
1416,1,657
1417,1,659
1418,1,660
1419,1,665
1420,1,668
1421,1,674
1422,1,678
1423,1,679
1424,1,686
1425,1,691
1426,1,692
1427,1,693
1428,1,695
1429,1,699
1430,1,707
1431,1,719
1432,1,724
1433,1,730
1434,1,731
1435,1,740
1436,1,746
1437,1,747
1438,1,748
1439,1,753
1440,1,762
1441,1,764
1442,1,765
1443,1,766
1444,1,767
1445,1,768
1446,1,769
1447,1,770
1448,1,775
1449,1,778
1450,1,779
1451,1,780
1452,1,781
1453,1,782
1454,1,787
1455,1,788
1456,1,796
1457,1,799
1458,1,801
1459,1,803
1460,1,807
1461,1,809
1462,1,810
1463,1,811
1464,1,812
1465,1,817
1466,1,822
1467,1,825
1468,1,826
1469,1,829
1470,1,831
1471,1,833
1472,1,846
1473,1,848
1474,1,850
1475,1,851
1476,1,859
1477,1,860
1478,1,862
1479,1,869
1480,1,870
1481,1,871
1482,1,872
1483,1,874
1484,1,875
1485,1,876
1486,1,877
1487,1,880
1488,1,881
1489,1,882
1490,1,886
1491,1,895
1492,1,900
1493,1,901
1494,1,903
1495,1,905
1496,1,907
1497,1,908
1498,1,909
1499,1,911
1500,1,913
1501,1,914
1502,1,915
1503,1,916
1504,1,918
1505,1,921
1506,1,923
1507,1,924
1508,1,926
1509,1,927
1510,1,930
1511,1,935
1512,1,944
1513,1,950
1514,1,953
1515,1,954
1516,1,956
1517,1,957
1518,1,962
1519,1,963
1520,1,964
1521,1,965
1522,1,970
1523,1,971
1524,1,977
1525,1,978
1526,1,980
1527,1,981
1528,1,983
1529,1,985
1530,1,991
1531,1,994
1532,1,995
1533,1,996
1534,1,1000
1535,1,1007
1536,1,1034
1537,1,1038
1538,1,1040
1539,1,1041
1540,1,1046
1541,1,1047
1542,1,1053
1543,1,1059
1544,1,1061
1545,1,1062
1546,1,1068
1547,1,1075
1548,1,1076
1549,1,1077
1550,1,1079
1551,1,1082
1552,1,1085
1553,1,1093
1554,1,1095
1555,1,1122
1556,1,1125
1557,1,1126
1558,1,1130
1559,1,1139
1560,1,1141
1561,1,1142
1562,1,1148
1563,1,1149
1564,1,1153
1565,1,1156
1566,1,1162
1567,1,1165
1568,1,1169
1569,1,1170
1570,1,1172
1571,1,1178
1572,1,1188
1573,1,1190
1574,1,1192
1575,1,1193
1576,1,1196
1577,1,1197
1578,1,1200
1579,1,1201
1580,1,1202
1581,1,1204
1582,1,1210
1583,1,1213
1584,1,1216
1585,1,1218
1586,1,1222
1587,1,1223
1588,1,1237
1589,1,1238
1590,1,1241
1591,1,1247
1592,1,1249
1593,1,1290
1594,1,1292
1595,1,1294
1596,1,1295
1597,1,1299
1598,1,1308
1599,1,1313
1600,1,1317
1601,1,1320
1602,1,1322
1603,1,1323
1604,1,1326
1605,1,1327
1606,1,1328
1607,1,1339
1608,1,1345
1609,1,1347
1610,1,1353
1611,1,1356
1612,1,1357
1613,1,1358
1614,1,1359
1615,1,1360
1616,1,1364
1617,1,1365
1618,1,1375
1619,1,1376
1620,1,1388
1621,1,1389
1622,1,1392
1623,1,1393
1624,1,1401
1625,1,1405
1626,1,1410
1627,1,1411
1628,1,1412
1629,1,1414
1630,1,1415
1631,1,1425
1632,1,1426
1633,1,1427
1634,1,1429
1635,1,1434
1636,1,1437
1637,1,1440
1638,1,1441
1639,1,1450
1640,1,1453
1641,1,1454
1642,1,1457
1643,1,1458
1644,1,1459
1645,1,1460
1646,1,1461
1647,1,1462
1648,1,1467
1649,1,1468
1650,1,1470
1651,1,1471
1652,1,1473
1653,1,1474
1654,1,1477
1655,1,1479
1656,1,1481
1657,1,1482
1658,1,1484
1659,1,1488
1660,1,1492
1661,1,1495
1662,1,1496
1663,1,1505
1664,1,1507
1665,1,1510
1666,1,1519
1667,1,1522
1668,1,1534
1669,1,1536
1670,1,1541
1671,1,1546
1672,1,1550
1673,1,1551
1674,1,1553
1675,1,1554
1676,1,1556
1677,1,1557
1678,1,1558
1679,1,1563
1680,1,1564
1681,1,1565
1682,1,1566
1683,1,1571
1684,1,1574
1685,1,1575
1686,1,1576
1687,1,1578
1688,1,1579
1689,1,1581
1690,1,1582
1691,1,1583
1692,1,1587
1693,1,1609
1694,1,1610
1695,1,1611
1696,1,1613
1697,1,1621
1698,1,1623
1699,1,1625
1700,1,1629
1701,1,1630
1702,1,1631
1703,1,1634
1704,1,1635
1705,1,1637
1706,1,1640
1707,1,1641
1708,1,1642
1709,1,1644
1710,1,1646
1711,1,1647
1712,1,1653
1713,1,1654
1714,1,1656
1715,1,1657
1716,1,1658
1717,1,1659
1718,1,1660
1719,1,1663
1720,1,1668
1721,1,1669
1722,1,1670
1723,1,1671
1724,1,1672
1725,1,1673
1726,1,1675
1727,1,1677
1728,1,1678
1729,1,1681
1730,1,1684
1731,1,1686
1732,1,1689
1733,1,1694
1734,1,1697
1735,1,1698
1736,1,1699
1737,1,1700
1738,1,1702
1739,1,1703
1740,1,1704
1741,1,1705
1742,1,1707
1743,1,1709
1744,1,1710
1745,1,1711
1746,1,1714
1747,1,1720
1748,1,1721
1749,1,1726
1750,1,1728
1751,1,1731
1752,1,1738
1753,1,1740
1754,1,1741
1755,1,1746
1756,1,1748
1757,1,1749
1758,1,1752
1759,1,1754
1760,1,1758
1761,1,1759
1762,1,1764
1763,1,1765
1764,1,1773
1765,1,1774
1766,1,1781
1767,1,1783
1768,1,1787
1769,1,1788
1770,1,1789
1771,1,1790
1772,1,1791
1773,1,1793
1774,1,1795
1775,1,1798
1776,1,1802
1777,1,1812
1778,1,1817
1779,1,1819
1780,1,1825
1781,1,1835
1782,1,1838
1783,1,1840
1784,1,1841
1785,1,1845
1786,1,1848
1787,1,1850
1788,1,1855
1789,1,1857
1790,1,1871
1791,1,1874
1792,1,1878
1793,1,1881
1794,1,1888
1795,1,1889
1796,1,1898
1797,1,1902
1798,1,1904
1799,1,1905
1800,1,1906
1801,1,1911
1802,1,1917
1803,1,1920
1804,1,1924
1805,1,1925
1806,1,1952
1807,1,1962
1808,1,1964
1809,1,1965
1810,1,1971
1811,1,1973
1812,1,1977
1813,1,1980
1814,1,1984
1815,1,1985
1816,1,1986
1817,1,1988
1818,1,1990
1819,1,1995
1820,1,2004
1821,1,2009
1822,1,2010
1823,1,2019
1824,1,2022
1825,1,2023
1826,1,2031
1827,1,2039
1828,1,2041
1829,1,2043
1830,1,2045
1831,1,2049
1832,1,2054
1833,1,2061
1834,1,2063
1835,1,2070
1836,1,2072
1837,1,2074
1838,1,2082
1839,1,2086
1840,1,2087
1841,1,2090
1842,1,2100
1843,1,2101
1844,1,2108
1845,1,2122
1846,1,2132
1847,1,2137
1848,1,2142
1849,1,2143
1850,1,2144
1851,1,2146
1852,1,2149
1853,1,2161
1854,1,2166
1855,1,2167
1856,1,2174
1857,1,2175
1858,1,2178
1859,1,2180
1860,1,2187
1861,1,2191
1862,1,2197
1863,1,2198
1864,1,2199
1865,1,2201
1866,1,2208
1867,1,2209
1868,1,2211
1869,1,2213
1870,1,2216
1871,1,2220
1872,1,2224
1873,1,2235
1874,1,2241
1875,1,2242
1876,1,2252
1877,1,2253
1878,1,2257
1879,1,2258
1880,1,2259
1881,1,2261
1882,1,2263
1883,1,2264
1884,1,2265
1885,1,2267
1886,1,2273
1887,1,2277
1888,1,2278
1889,1,2286
1890,1,2287
1891,1,2293
1892,1,2295
1893,1,2305
1894,1,2306
1895,1,2313
1896,1,2317
1897,1,2319
1898,1,2321
1899,1,2323
1900,1,2329
1901,1,2332
1902,1,2333
1903,1,2336
1904,1,2337
1905,1,2338
1906,1,2340
1907,1,2347
1908,1,2348
1909,1,2349
1910,1,2350
1911,2,2
1912,2,8
1913,2,27
1914,2,30
1915,2,32
1916,2,35
1917,2,53
1918,2,54
1919,2,61
1920,2,63
1921,2,64
1922,2,68
1923,2,74
1924,2,83
1925,2,87
1926,2,89
1927,2,93
1928,2,94
1929,2,95
1930,2,105
1931,2,106
1932,2,107
1933,2,119
1934,2,123
1935,2,128
1936,2,129
1937,2,133
1938,2,135
1939,2,141
1940,2,171
1941,2,176
1942,2,177
1943,2,183
1944,2,186
1945,2,194
1946,2,208
1947,2,215
1948,2,227
1949,2,247
1950,2,251
1951,2,253
1952,2,259
1953,2,268
1954,2,272
1955,2,283
1956,2,302
1957,2,307
1958,2,316
1959,2,332
1960,2,336
1961,2,359
1962,2,371
1963,2,375
1964,2,401
1965,2,405
1966,2,412
1967,2,420
1968,2,421
1969,2,423
1970,2,439
1971,2,440
1972,2,442
1973,2,443
1974,2,447
1975,2,459
1976,2,461
1977,2,463
1978,2,466
1979,2,468
1980,2,470
1981,2,471
1982,2,475
1983,2,487
1984,2,526
1985,2,528
1986,2,535
1987,2,536
1988,2,538
1989,2,550
1990,2,551
1991,2,554
1992,2,557
1993,2,566
1994,2,567
1995,2,575
1996,2,589
1997,2,593
1998,2,604
1999,2,620
2000,2,624
2001,2,629
2002,2,631
2003,2,653
2004,2,656
2005,2,658
2006,2,667
2007,2,672
2008,2,675
2009,2,684
2010,2,688
2011,2,696
2012,2,700
2013,2,706
2014,2,713
2015,2,717
2016,2,718
2017,2,721
2018,2,722
2019,2,723
2020,2,733
2021,2,738
2022,2,739
2023,2,755
2024,2,756
2025,2,757
2026,2,759
2027,2,761
2028,2,771
2029,2,772
2030,2,789
2031,2,792
2032,2,794
2033,2,798
2034,2,815
2035,2,820
2036,2,827
2037,2,845
2038,2,861
2039,2,885
2040,2,887
2041,2,896
2042,2,898
2043,2,899
2044,2,906
2045,2,931
2046,2,933
2047,2,937
2048,2,939
2049,2,941
2050,2,942
2051,2,946
2052,2,948
2053,2,951
2054,2,987
2055,2,989
2056,2,990
2057,2,997
2058,2,998
2059,2,1001
2060,2,1002
2061,2,1004
2062,2,1005
2063,2,1006
2064,2,1008
2065,2,1010
2066,2,1014
2067,2,1015
2068,2,1016
2069,2,1017
2070,2,1019
2071,2,1020
2072,2,1027
2073,2,1032
2074,2,1036
2075,2,1042
2076,2,1051
2077,2,1056
2078,2,1064
2079,2,1078
2080,2,1080
2081,2,1087
2082,2,1088
2083,2,1089
2084,2,1091
2085,2,1096
2086,2,1100
2087,2,1102
2088,2,1103
2089,2,1105
2090,2,1106
2091,2,1107
2092,2,1109
2093,2,1112
2094,2,1114
2095,2,1115
2096,2,1116
2097,2,1117
2098,2,1118
2099,2,1127
2100,2,1129
2101,2,1132
2102,2,1137
2103,2,1138
2104,2,1155
2105,2,1161
2106,2,1164
2107,2,1171
2108,2,1174
2109,2,1180
2110,2,1184
2111,2,1189
2112,2,1194
2113,2,1228
2114,2,1232
2115,2,1239
2116,2,1242
2117,2,1246
2118,2,1250
2119,2,1251
2120,2,1255
2121,2,1256
2122,2,1257
2123,2,1262
2124,2,1263
2125,2,1264
2126,2,1265
2127,2,1270
2128,2,1273
2129,2,1274
2130,2,1276
2131,2,1282
2132,2,1283
2133,2,1287
2134,2,1289
2135,2,1291
2136,2,1293
2137,2,1307
2138,2,1324
2139,2,1331
2140,2,1334
2141,2,1335
2142,2,1336
2143,2,1340
2144,2,1342
2145,2,1363
2146,2,1367
2147,2,1370
2148,2,1374
2149,2,1378
2150,2,1384
2151,2,1385
2152,2,1387
2153,2,1394
2154,2,1395
2155,2,1397
2156,2,1399
2157,2,1408
2158,2,1419
2159,2,1420
2160,2,1422
2161,2,1428
2162,2,1431
2163,2,1442
2164,2,1446
2165,2,1447
2166,2,1451
2167,2,1455
2168,2,1456
2169,2,1463
2170,2,1465
2171,2,1469
2172,2,1475
2173,2,1483
2174,2,1486
2175,2,1512
2176,2,1515
2177,2,1530
2178,2,1540
2179,2,1543
2180,2,1548
2181,2,1549
2182,2,1555
2183,2,1559
2184,2,1560
2185,2,1562
2186,2,1595
2187,2,1596
2188,2,1597
2189,2,1599
2190,2,1600
2191,2,1602
2192,2,1603
2193,2,1605
2194,2,1606
2195,2,1622
2196,2,1624
2197,2,1636
2198,2,1638
2199,2,1643
2200,2,1651
2201,2,1674
2202,2,1679
2203,2,1692
2204,2,1712
2205,2,1722
2206,2,1724
2207,2,1732
2208,2,1735
2209,2,1744
2210,2,1751
2211,2,1756
2212,2,1757
2213,2,1761
2214,2,1766
2215,2,1767
2216,2,1780
2217,2,1786
2218,2,1801
2219,2,1805
2220,2,1818
2221,2,1820
2222,2,1821
2223,2,1830
2224,2,1836
2225,2,1842
2226,2,1843
2227,2,1846
2228,2,1853
2229,2,1854
2230,2,1865
2231,2,1866
2232,2,1870
2233,2,1873
2234,2,1877
2235,2,1882
2236,2,1887
2237,2,1892
2238,2,1893
2239,2,1894
2240,2,1910
2241,2,1912
2242,2,1913
2243,2,1919
2244,2,1923
2245,2,1929
2246,2,1933
2247,2,1936
2248,2,1938
2249,2,1940
2250,2,1942
2251,2,1946
2252,2,1949
2253,2,1950
2254,2,1953
2255,2,1956
2256,2,1959
2257,2,1960
2258,2,1961
2259,2,1963
2260,2,1966
2261,2,1967
2262,2,1972
2263,2,1974
2264,2,1979
2265,2,1981
2266,2,1991
2267,2,1994
2268,2,1997
2269,2,1998
2270,2,2000
2271,2,2003
2272,2,2005
2273,2,2008
2274,2,2011
2275,2,2013
2276,2,2014
2277,2,2017
2278,2,2018
2279,2,2025
2280,2,2029
2281,2,2030
2282,2,2032
2283,2,2033
2284,2,2037
2285,2,2040
2286,2,2044
2287,2,2046
2288,2,2047
2289,2,2048
2290,2,2050
2291,2,2052
2292,2,2055
2293,2,2056
2294,2,2065
2295,2,2069
2296,2,2073
2297,2,2075
2298,2,2080
2299,2,2089
2300,2,2091
2301,2,2092
2302,2,2109
2303,2,2111
2304,2,2112
2305,2,2113
2306,2,2115
2307,2,2118
2308,2,2120
2309,2,2124
2310,2,2125
2311,2,2127
2312,2,2129
2313,2,2134
2314,2,2136
2315,2,2139
2316,2,2160
2317,2,2162
2318,2,2163
2319,2,2169
2320,2,2171
2321,2,2190
2322,2,2192
2323,2,2193
2324,2,2204
2325,2,2206
2326,2,2207
2327,2,2212
2328,2,2215
2329,2,2226
2330,2,2228
2331,2,2233
2332,2,2238
2333,2,2239
2334,2,2240
2335,2,2244
2336,2,2254
2337,2,2260
2338,2,2266
2339,2,2275
2340,2,2284
2341,2,2288
2342,2,2292
2343,2,2314
2344,2,2315
2345,2,2316
2346,2,2334
2347,2,2335
2348,2,2342
2349,2,2343
2350,2,2345
